Subreddit,Search_Term,Count
australia,Online Safety Amendment Act 2024,28
australia,social media age restriction Australia,100
australia,age verification social media Australia,100
australia,Online Safety Commissioner Australia,41
australia,Albanese social media ban,100
australia,Australia under 16 social media ban,100
australia,Australia digital ID law,25
australia,let kids be kids campaign,9
australia,parental controls on social media,51
australia,protecting children online,100
australia,social media harm to teens,33
australia,online safety for teenagers,2
australia,kids off social media,42
australia,do teens need social media,100
australia,social media addiction teens Australia,100
australia,young people and social media ban,100
australia,should kids be banned from social media,40
AustralianPolitics,Online Safety Amendment Act 2024,31
AustralianPolitics,social media age restriction Australia,100
AustralianPolitics,age verification social media Australia,100
AustralianPolitics,Online Safety Commissioner Australia,19
AustralianPolitics,Albanese social media ban,100
AustralianPolitics,Australia under 16 social media ban,100
AustralianPolitics,Australia digital ID law,9
AustralianPolitics,let kids be kids campaign,9
AustralianPolitics,parental controls on social media,39
AustralianPolitics,protecting children online,54
AustralianPolitics,social media harm to teens,23
AustralianPolitics,kids off social media,14
AustralianPolitics,do teens need social media,64
AustralianPolitics,social media addiction teens Australia,100
AustralianPolitics,young people and social media ban,100
AustralianPolitics,should kids be banned from social media,28
technology,Online Safety Amendment Act 2024,95
technology,social media age restriction Australia,100
technology,age verification social media Australia,81
technology,Online Safety Commissioner Australia,5
technology,Albanese social media ban,100
technology,Australia under 16 social media ban,100
technology,Australia digital ID law,2
technology,let kids be kids campaign,1
technology,parental controls on social media,100
technology,protecting children online,100
technology,social media harm to teens,100
technology,kids off social media,64
technology,teenagers banned from Instagram,1
technology,do teens need social media,100
technology,social media addiction teens Australia,100
technology,young people and social media ban,100
technology,should kids be banned from social media,22
news,Online Safety Amendment Act 2024,3
news,social media age restriction Australia,36
news,age verification social media Australia,33
news,Online Safety Commissioner Australia,4
news,Albanese social media ban,44
news,Australia under 16 social media ban,68
news,Australia digital ID law,2
news,let kids be kids campaign,1
news,parental controls on social media,33
news,protecting children online,100
news,social media harm to teens,39
news,kids off social media,23
news,do teens need social media,58
news,social media addiction teens Australia,62
news,young people and social media ban,100
news,should kids be banned from social media,21
Futurology,Online Safety Amendment Act 2024,5
Futurology,social media age restriction Australia,81
Futurology,age verification social media Australia,67
Futurology,Albanese social media ban,27
Futurology,Australia under 16 social media ban,44
Futurology,Australia digital ID law,2
Futurology,parental controls on social media,83
Futurology,protecting children online,97
Futurology,social media harm to teens,29
Futurology,online safety for teenagers,1
Futurology,kids off social media,19
Futurology,do teens need social media,100
Futurology,social media addiction teens Australia,35
Futurology,young people and social media ban,100
Futurology,should kids be banned from social media,22
Parenting,Online Safety Amendment Act 2024,31
Parenting,social media age restriction Australia,100
Parenting,age verification social media Australia,100
Parenting,Albanese social media ban,54
Parenting,Australia under 16 social media ban,100
Parenting,let kids be kids campaign,17
Parenting,parental controls on social media,100
Parenting,protecting children online,100
Parenting,social media harm to teens,100
Parenting,is TikTok dangerous for kids,24
Parenting,online safety for teenagers,21
Parenting,kids off social media,100
Parenting,teenagers banned from Instagram,1
Parenting,do teens need social media,100
Parenting,social media addiction teens Australia,100
Parenting,young people and social media ban,100
Parenting,should kids be banned from social media,100
AskParents,Online Safety Amendment Act 2024,5
AskParents,social media age restriction Australia,100
AskParents,age verification social media Australia,97
AskParents,Online Safety Commissioner Australia,1
AskParents,Albanese social media ban,6
AskParents,Australia under 16 social media ban,37
AskParents,let kids be kids campaign,2
AskParents,parental controls on social media,100
AskParents,protecting children online,100
AskParents,social media harm to teens,57
AskParents,is TikTok dangerous for kids,1
AskParents,online safety for teenagers,3
AskParents,kids off social media,100
AskParents,do teens need social media,100
AskParents,social media addiction teens Australia,74
AskParents,young people and social media ban,100
AskParents,should kids be banned from social media,100
teenagers,Online Safety Amendment Act 2024,54
teenagers,social media age restriction Australia,100
teenagers,age verification social media Australia,100
teenagers,Online Safety Commissioner Australia,1
teenagers,Albanese social media ban,100
teenagers,Australia under 16 social media ban,100
teenagers,Australia digital ID law,1
teenagers,let kids be kids campaign,53
teenagers,parental controls on social media,100
teenagers,protecting children online,100
teenagers,social media harm to teens,100
teenagers,is TikTok dangerous for kids,15
teenagers,online safety for teenagers,37
teenagers,kids off social media,100
teenagers,teenagers banned from Instagram,20
teenagers,do teens need social media,100
teenagers,social media addiction teens Australia,100
teenagers,young people and social media ban,100
teenagers,should kids be banned from social media,100
YouthRights,Online Safety Amendment Act 2024,11
YouthRights,social media age restriction Australia,94
YouthRights,age verification social media Australia,74
YouthRights,Online Safety Commissioner Australia,3
YouthRights,Albanese social media ban,78
YouthRights,Australia under 16 social media ban,94
YouthRights,let kids be kids campaign,2
YouthRights,parental controls on social media,72
YouthRights,protecting children online,77
YouthRights,social media harm to teens,51
YouthRights,kids off social media,55
YouthRights,do teens need social media,49
YouthRights,social media addiction teens Australia,65
YouthRights,young people and social media ban,100
YouthRights,should kids be banned from social media,48
privacy,Online Safety Amendment Act 2024,55
privacy,social media age restriction Australia,100
privacy,age verification social media Australia,100
privacy,Online Safety Commissioner Australia,5
privacy,Albanese social media ban,62
privacy,Australia under 16 social media ban,93
privacy,Australia digital ID law,8
privacy,let kids be kids campaign,1
privacy,parental controls on social media,100
privacy,protecting children online,100
privacy,social media harm to teens,62
privacy,online safety for teenagers,1
privacy,kids off social media,55
privacy,teenagers banned from Instagram,1
privacy,do teens need social media,100
privacy,social media addiction teens Australia,74
privacy,young people and social media ban,100
privacy,should kids be banned from social media,48
Education,Online Safety Amendment Act 2024,3
Education,social media age restriction Australia,30
Education,age verification social media Australia,24
Education,Online Safety Commissioner Australia,1
Education,Albanese social media ban,9
Education,Australia under 16 social media ban,11
Education,let kids be kids campaign,5
Education,parental controls on social media,46
Education,protecting children online,100
Education,social media harm to teens,9
Education,online safety for teenagers,1
Education,kids off social media,31
Education,do teens need social media,58
Education,social media addiction teens Australia,13
Education,young people and social media ban,82
Education,should kids be banned from social media,15
SocialMedia,Online Safety Amendment Act 2024,14
SocialMedia,social media age restriction Australia,100
SocialMedia,age verification social media Australia,100
SocialMedia,Online Safety Commissioner Australia,2
SocialMedia,Albanese social media ban,100
SocialMedia,Australia under 16 social media ban,100
SocialMedia,Australia digital ID law,1
SocialMedia,let kids be kids campaign,12
SocialMedia,parental controls on social media,100
SocialMedia,protecting children online,47
SocialMedia,social media harm to teens,90
SocialMedia,is TikTok dangerous for kids,1
SocialMedia,online safety for teenagers,2
SocialMedia,kids off social media,100
SocialMedia,teenagers banned from Instagram,3
SocialMedia,do teens need social media,100
SocialMedia,social media addiction teens Australia,100
SocialMedia,young people and social media ban,100
SocialMedia,should kids be banned from social media,100
AskAnAustralian,Online Safety Amendment Act 2024,3
AskAnAustralian,social media age restriction Australia,100
AskAnAustralian,age verification social media Australia,94
AskAnAustralian,Online Safety Commissioner Australia,9
AskAnAustralian,Albanese social media ban,19
AskAnAustralian,Australia under 16 social media ban,80
AskAnAustralian,Australia digital ID law,4
AskAnAustralian,parental controls on social media,9
AskAnAustralian,protecting children online,48
AskAnAustralian,social media harm to teens,3
AskAnAustralian,is TikTok dangerous for kids,1
AskAnAustralian,kids off social media,15
AskAnAustralian,do teens need social media,33
AskAnAustralian,social media addiction teens Australia,71
AskAnAustralian,young people and social media ban,100
AskAnAustralian,should kids be banned from social media,9
